SQ_CANDIDATO,DS_CARGO,SG_PARTIDO,DS_GENERO,DS_GRAU_INSTRUCAO,NM_URNA_CANDIDATO,PATRIMONIO_TOTAL,QTD_BENS,TIPO_BEM_PRINCIPAL
40002551283,SENADOR,REDE,MASCULINO,SUPERIOR COMPLETO,ISMAEL MUNDURUKU,300000.0,1,Casa
40002535270,SENADOR,PSTU,MASCULINO,ENSINO MÉDIO COMPLETO,EVANDRO DE OLIVEIRA,7000.0,1,"Veículo automotor terrestre: caminhão, automóvel, moto, etc."
40002551320,DEPUTADO ESTADUAL,REDE,MASCULINO,SUPERIOR COMPLETO,YURA MARUBO,160000.0,1,Casa
40002551315,DEPUTADO ESTADUAL,PSOL,MASCULINO,ENSINO FUNDAMENTAL COMPLETO,SENHOR LUIZ AGRICULTOR,0.0,0,Nenhum bem declarado
40002542952,DEPUTADO ESTADUAL,PL,MASCULINO,ENSINO MÉDIO INCOMPLETO,RAMON PEDROSA,0.0,0,Nenhum bem declarado
40002542953,DEPUTADO ESTADUAL,PL,MASCULINO,SUPERIOR COMPLETO,SIPA GENTE DA GENTE,1785000.0,7,"Veículo automotor terrestre: caminhão, automóvel, moto, etc."
40002542951,DEPUTADO ESTADUAL,PL,MASCULINO,SUPERIOR INCOMPLETO,SÉRGIO KRUKE,0.0,0,Nenhum bem declarado
40002552704,DEPUTADO FEDERAL,MOBILIZA,MASCULINO,ENSINO MÉDIO COMPLETO,EBERSON BATERA,5000.0,1,Quotas ou quinhões de capital
40002549918,DEPUTADO FEDERAL,MOBILIZA,FEMININO,SUPERIOR COMPLETO,DOUTORA ALICE MAFRA,5000.0,1,Quotas ou quinhões de capital
40002541618,DEPUTADO FEDERAL,PSB,MASCULINO,SUPERIOR COMPLETO,MESTRE ESTELIO GABINO,0.0,0,Nenhum bem declarado
40002533207,DEPUTADO FEDERAL,REPUBLICANOS,MASCULINO,SUPERIOR COMPLETO,AMOM MANDEL,461522.68,18,Ações (inclusive as provenientes de linha telefônica)
40002542967,DEPUTADO ESTADUAL,PL,MASCULINO,ENSINO MÉDIO INCOMPLETO,FABRICIO MAR,0.0,0,Nenhum bem declarado
40002533202,DEPUTADO FEDERAL,REPUBLICANOS,FEMININO,ENSINO MÉDIO COMPLETO,GLAUCIA REBELO,2000.0,1,Dinheiro em espécie - moeda nacional
40002539049,DEPUTADO FEDERAL,MISSÃO,MASCULINO,SUPERIOR COMPLETO,EDGAR OLIVEIRA,1242000.0,5,"Veículo automotor terrestre: caminhão, automóvel, moto, etc."
40002539047,DEPUTADO FEDERAL,MISSÃO,FEMININO,SUPERIOR COMPLETO,PATRICIA BENZAQUEM,0.0,0,Nenhum bem declarado
40002549861,DEPUTADO FEDERAL,PDT,MASCULINO,ENSINO MÉDIO COMPLETO,JORNADA,0.0,0,Nenhum bem declarado
40002536082,DEPUTADO FEDERAL,DC,MASCULINO,SUPERIOR COMPLETO,PROFESSOR ROQUE LANE,0.0,0,Nenhum bem declarado
40002541602,DEPUTADO ESTADUAL,PODE,MASCULINO,SUPERIOR COMPLETO,DR. FELIX E BANCADA ATIVISTA,1155369.39,6,Sala ou conjunto
40002541604,DEPUTADO ESTADUAL,PODE,MASCULINO,SUPERIOR COMPLETO,PR. ABEL PEDRAÇA,0.0,0,Nenhum bem declarado
40002536438,DEPUTADO FEDERAL,AVANTE,FEMININO,SUPERIOR COMPLETO,DRA. EUNICE NASCIMENTO,1675856.25,11,"Aplicação de renda fixa (CDB, RDB e outros)"
40002536454,DEPUTADO FEDERAL,NOVO,MASCULINO,SUPERIOR COMPLETO,EFIGÊNIO CARVALHO,515000.0,2,Outros bens móveis
40002532736,DEPUTADO ESTADUAL,MDB,MASCULINO,SUPERIOR COMPLETO,THIAGO ABRAHIM,950008.44,2,Apartamento
40002532766,DEPUTADO FEDERAL,PSD,MASCULINO,SUPERIOR COMPLETO,AMAURI GOMES,50000.0,1,Outras participações societárias
40002532734,DEPUTADO ESTADUAL,MDB,MASCULINO,ENSINO MÉDIO COMPLETO,CRISTIANO DANGELO,2363917.36,13,Terreno
40002542659,DEPUTADO ESTADUAL,UNIÃO,MASCULINO,LÊ E ESCREVE,FREDERICO JUNIOR,2253137.38,6,Casa
40002542664,DEPUTADO ESTADUAL,UNIÃO,MASCULINO,SUPERIOR COMPLETO,DIEGO LARANJEIRA,0.0,0,Nenhum bem declarado
40002542662,DEPUTADO ESTADUAL,PP,MASCULINO,SUPERIOR COMPLETO,CEARAZIN SEMISERA,3171252.48,6,Depósito bancário em conta corrente no País
40002549905,DEPUTADO FEDERAL,SOLIDARIEDADE,FEMININO,SUPERIOR COMPLETO,LENE SOUZA,0.0,0,Nenhum bem declarado
40002549906,DEPUTADO FEDERAL,SOLIDARIEDADE,MASCULINO,ENSINO MÉDIO INCOMPLETO,CARLES WALDEMAR MAGUILA,57925.22,6,Depósito bancário em conta corrente no País
40002549903,DEPUTADO FEDERAL,SOLIDARIEDADE,FEMININO,SUPERIOR COMPLETO,KAROLA PRO VIDA,0.0,0,Nenhum bem declarado
40002551008,DEPUTADO FEDERAL,REDE,FEMININO,SUPERIOR COMPLETO,ODIMAR GUIMARÃES,250000.0,1,Casa
40002551009,DEPUTADO FEDERAL,REDE,MASCULINO,ENSINO MÉDIO COMPLETO,MARCOS APURINÃ,320000.0,2,Outros bens imóveis
40002532748,DEPUTADO ESTADUAL,MDB,FEMININO,ENSINO MÉDIO COMPLETO,CLÁUDIA TIKUNA,2000.0,1,Caderneta de poupança
40002540486,DEPUTADO FEDERAL,PL,FEMININO,SUPERIOR COMPLETO,DRA. PATRICIA SICCHAR,0.0,0,Nenhum bem declarado
40002545593,DEPUTADO FEDERAL,PT,MASCULINO,SUPERIOR COMPLETO,LUIZ BORGES,655000.0,4,Casa
40002537351,DEPUTADO ESTADUAL,AVANTE,MASCULINO,SUPERIOR COMPLETO,GILMAR NASCIMENTO,452257.68,2,Apartamento
40002554168,DEPUTADO ESTADUAL,PT,FEMININO,ENSINO MÉDIO COMPLETO,MARIA GUIMARÃES,0.0,0,Nenhum bem declarado
40002545596,DEPUTADO FEDERAL,PCDOB,FEMININO,SUPERIOR COMPLETO,MARÍLIA FREIRE,40000.0,1,"Veículo automotor terrestre: caminhão, automóvel, moto, etc."
40002531440,DEPUTADO FEDERAL,MDB,MASCULINO,SUPERIOR COMPLETO,JESUS ALVES,3708000.0,5,Quotas ou quinhões de capital
40002531444,DEPUTADO FEDERAL,MDB,FEMININO,SUPERIOR COMPLETO,BETH DOCINHO,913095.4,16,Caderneta de poupança
40002545611,DEPUTADO ESTADUAL,PT,MASCULINO,ENSINO MÉDIO COMPLETO,SABUGO,8000.0,1,Depósito bancário em conta corrente no País
40002532776,DEPUTADO ESTADUAL,PSD,FEMININO,SUPERIOR COMPLETO,NÁDIA SALDANHA,65000.0,2,Dinheiro em espécie - moeda nacional
40002541590,DEPUTADO FEDERAL,PODE,FEMININO,SUPERIOR INCOMPLETO,PASTORA RUTH COSTA,0.0,0,Nenhum bem declarado
40002541587,DEPUTADO FEDERAL,PODE,FEMININO,SUPERIOR INCOMPLETO,RITA DA ENFERMAGEM,28000.0,1,"Veículo automotor terrestre: caminhão, automóvel, moto, etc."
40002532779,DEPUTADO ESTADUAL,PSD,FEMININO,ENSINO MÉDIO COMPLETO,LEILANE OLIVEIRA,585000.0,3,Apartamento
40002532772,DEPUTADO ESTADUAL,PSD,MASCULINO,SUPERIOR COMPLETO,LOURISVAL PEREIRA,67516.28,3,Outros fundos
40002536491,DEPUTADO ESTADUAL,AGIR,MASCULINO,SUPERIOR COMPLETO,O KEITTON,840407.14,8,Depósito bancário em conta corrente no País
40002536483,DEPUTADO ESTADUAL,AGIR,FEMININO,SUPERIOR INCOMPLETO,SÂMARA SOUZA,10000.0,1,Quotas ou quinhões de capital
40002536493,DEPUTADO ESTADUAL,AGIR,MASCULINO,ENSINO MÉDIO COMPLETO,RONY DA PESCA,65.75,1,Caderneta de poupança
40002536481,DEPUTADO ESTADUAL,AGIR,MASCULINO,SUPERIOR COMPLETO,JOÃO PAULO JANJÃO,1500000.0,1,Quotas ou quinhões de capital
40002536906,DEPUTADO ESTADUAL,NOVO,FEMININO,ENSINO MÉDIO COMPLETO,JOANA TRAVASSOS,0.0,0,Nenhum bem declarado
40002536900,DEPUTADO ESTADUAL,NOVO,FEMININO,ENSINO MÉDIO COMPLETO,CLENDA ALMEIDA,0.0,0,Nenhum bem declarado
40002536896,DEPUTADO ESTADUAL,NOVO,MASCULINO,SUPERIOR COMPLETO,MICHAEL LEMOS,0.0,0,Nenhum bem declarado
40002536894,DEPUTADO ESTADUAL,NOVO,FEMININO,SUPERIOR COMPLETO,MARLUCIA VIEIRA,250000.0,1,Apartamento
40002536905,DEPUTADO ESTADUAL,NOVO,MASCULINO,SUPERIOR INCOMPLETO,LICO ARAÚJO,25000.0,2,"Veículo automotor terrestre: caminhão, automóvel, moto, etc."
40002546991,DEPUTADO ESTADUAL,PDT,MASCULINO,SUPERIOR INCOMPLETO,VICTOR LABORDA,0.0,0,Nenhum bem declarado
40002546989,DEPUTADO ESTADUAL,PDT,MASCULINO,SUPERIOR COMPLETO,PERI,60000.0,2,"Veículo automotor terrestre: caminhão, automóvel, moto, etc."
40002546987,DEPUTADO ESTADUAL,PDT,MASCULINO,ENSINO MÉDIO COMPLETO,MARCOS PATRÍCIO,0.0,0,Nenhum bem declarado
40002546983,DEPUTADO ESTADUAL,PDT,FEMININO,SUPERIOR COMPLETO,CIMARA CAVALCANTE,0.0,0,Nenhum bem declarado
40002534389,DEPUTADO ESTADUAL,REPUBLICANOS,MASCULINO,SUPERIOR COMPLETO,JOÃO LUIZ,510777.9,3,Embarcação
40002534387,DEPUTADO ESTADUAL,REPUBLICANOS,FEMININO,SUPERIOR COMPLETO,DRA. JOSEPHA ABREU,653755.44,7,Apartamento
40002535267,GOVERNADOR,PSTU,MASCULINO,SUPERIOR COMPLETO,GILBERTO VASCONCELOS,0.0,0,Nenhum bem declarado
40002531448,1º SUPLENTE,MDB,FEMININO,SUPERIOR COMPLETO,SANDRA BRAGA,6435906.76,17,"Aplicação de renda fixa (CDB, RDB e outros)"
40002537343,1º SUPLENTE,PSDB,FEMININO,ENSINO FUNDAMENTAL COMPLETO,KELLY BARBOSA,150000.0,1,"Veículo automotor terrestre: caminhão, automóvel, moto, etc."
40002551282,2º SUPLENTE,REDE,MASCULINO,ENSINO MÉDIO COMPLETO,ANDRÉ MONTEIRO,0.0,0,Nenhum bem declarado
40002550804,2º SUPLENTE,MOBILIZA,MASCULINO,SUPERIOR COMPLETO,ANGELO REIS,2154.33,2,"Aplicação de renda fixa (CDB, RDB e outros)"
40002551318,DEPUTADO ESTADUAL,PSOL,FEMININO,SUPERIOR COMPLETO,NETE MOURA PROTETORA,5000.0,1,"Veículo automotor terrestre: caminhão, automóvel, moto, etc."
40002542966,DEPUTADO ESTADUAL,PL,FEMININO,SUPERIOR COMPLETO,LUCIANA FRANÇA,3720895.63,12,"Aplicação de renda fixa (CDB, RDB e outros)"
40002533204,DEPUTADO FEDERAL,REPUBLICANOS,MASCULINO,SUPERIOR COMPLETO,HISSA ABRAHÃO,1732682.75,5,Apartamento
40002542959,DEPUTADO ESTADUAL,PL,FEMININO,SUPERIOR INCOMPLETO,ANDREA RAMOS,0.0,0,Nenhum bem declarado
40002541599,DEPUTADO ESTADUAL,PODE,MASCULINO,SUPERIOR COMPLETO,CORONEL VINICIUS ALMEIDA,544915.08,19,OUTROS BENS E DIREITOS
40002533210,DEPUTADO FEDERAL,REPUBLICANOS,MASCULINO,SUPERIOR COMPLETO,MASSAMI MIKI,3391527.65,18,"Aplicação de renda fixa (CDB, RDB e outros)"
40002539043,DEPUTADO FEDERAL,MISSÃO,MASCULINO,ENSINO MÉDIO COMPLETO,ELIABE CAMPOS,0.0,0,Nenhum bem declarado
40002539044,DEPUTADO FEDERAL,MISSÃO,MASCULINO,SUPERIOR INCOMPLETO,MATEUS DO TI,0.0,0,Nenhum bem declarado
40002541603,DEPUTADO ESTADUAL,PODE,MASCULINO,SUPERIOR COMPLETO,THIAGUINHO LAGO AZUL E BANCADA,0.0,0,Nenhum bem declarado
40002541605,DEPUTADO ESTADUAL,PODE,FEMININO,SUPERIOR COMPLETO,ALESSANDRA FARIAS,0.0,0,Nenhum bem declarado
40002536081,DEPUTADO FEDERAL,DC,MASCULINO,LÊ E ESCREVE,NONATO CHEGADO,17280.0,1,"Veículo automotor terrestre: caminhão, automóvel, moto, etc."
40002536079,DEPUTADO FEDERAL,DC,MASCULINO,SUPERIOR INCOMPLETO,FRANK CARLOS,320000.0,1,Apartamento
40002536078,DEPUTADO FEDERAL,DC,MASCULINO,ENSINO MÉDIO COMPLETO,GONZA,100000.0,1,Quotas ou quinhões de capital
40002536084,DEPUTADO FEDERAL,DC,FEMININO,SUPERIOR COMPLETO,PROFESSORA LENE MAIA,1000.0,1,Casa
40002541751,DEPUTADO ESTADUAL,UNIÃO,FEMININO,SUPERIOR COMPLETO,BEATRIZ FERNANDES,0.0,0,Nenhum bem declarado
40002542655,DEPUTADO ESTADUAL,UNIÃO,MASCULINO,SUPERIOR COMPLETO,MARCELLUS CAMPÊLO,607990.0,2,Quotas ou quinhões de capital
40002541748,DEPUTADO ESTADUAL,UNIÃO,MASCULINO,SUPERIOR COMPLETO,MARCO CASTILHOS,243633.25,7,"Aplicação de renda fixa (CDB, RDB e outros)"
40002536432,DEPUTADO FEDERAL,AVANTE,FEMININO,SUPERIOR COMPLETO,DRA ARYEL ALMEIDA,740812.0,3,"Veículo automotor terrestre: caminhão, automóvel, moto, etc."
40002536450,DEPUTADO FEDERAL,NOVO,MASCULINO,SUPERIOR COMPLETO,ODER AURÉLIO,247000.0,3,Apartamento
40002532742,DEPUTADO ESTADUAL,MDB,FEMININO,SUPERIOR COMPLETO,PROF.. GINA GONZÁLEZ,108000.0,3,"Veículo automotor terrestre: caminhão, automóvel, moto, etc."
40002532743,DEPUTADO ESTADUAL,MDB,MASCULINO,SUPERIOR COMPLETO,PROFESSOR VAL,416500.0,7,"Veículo automotor terrestre: caminhão, automóvel, moto, etc."
40002532745,DEPUTADO ESTADUAL,MDB,MASCULINO,ENSINO MÉDIO COMPLETO,ANDERSON ALMADA,700000.0,3,Casa
40002532753,DEPUTADO ESTADUAL,MDB,MASCULINO,SUPERIOR COMPLETO,FELIPE LOBO,768565.47,4,Quotas ou quinhões de capital
40002532764,DEPUTADO FEDERAL,PSD,MASCULINO,SUPERIOR COMPLETO,DELEGADO LÁZARO MENDES,20000.0,2,Terreno
40002532762,DEPUTADO FEDERAL,PSD,MASCULINO,SUPERIOR COMPLETO,PAUDERNEY,2860407.1300000004,22,"Veículo automotor terrestre: caminhão, automóvel, moto, etc."
40002541745,DEPUTADO ESTADUAL,UNIÃO,MASCULINO,SUPERIOR COMPLETO,ADJUTO AFONSO,10543969.52,27,"Aplicação de renda fixa (CDB, RDB e outros)"
40002551010,DEPUTADO FEDERAL,REDE,MASCULINO,SUPERIOR INCOMPLETO,LUIZ ANDRADE,0.0,0,Nenhum bem declarado
40002540485,DEPUTADO FEDERAL,PL,MASCULINO,SUPERIOR COMPLETO,DELEGADO COSTA E SILVA,1812055.0,7,"Aplicação de renda fixa (CDB, RDB e outros)"
40002540478,DEPUTADO FEDERAL,PL,MASCULINO,ENSINO MÉDIO COMPLETO,JEAN BATISTA,0.0,0,Nenhum bem declarado
40002540481,DEPUTADO FEDERAL,PL,MASCULINO,SUPERIOR COMPLETO,ALFREDO NASCIMENTO,4190447.38,13,Outras aplicações e Investimentos
40002540484,DEPUTADO FEDERAL,PL,MASCULINO,SUPERIOR COMPLETO,CORONEL ROSSES,1106430.0,9,Terreno
40002546977,DEPUTADO FEDERAL,UP,MASCULINO,SUPERIOR INCOMPLETO,JOÃO LIMA,120.17,1,"Aplicação de renda fixa (CDB, RDB e outros)"
40002537614,DEPUTADO ESTADUAL,AVANTE,MASCULINO,SUPERIOR COMPLETO,FÁBIO FARIAS,0.0,0,Nenhum bem declarado
40002545599,DEPUTADO FEDERAL,PT,MASCULINO,SUPERIOR COMPLETO,DENIS DA SILVA,378000.0,2,Casa
40002534877,DEPUTADO FEDERAL,MDB,FEMININO,ENSINO MÉDIO COMPLETO,CAILA CARIM,3800000.0,2,Quotas ou quinhões de capital
40002531441,DEPUTADO FEDERAL,MDB,MASCULINO,SUPERIOR COMPLETO,SAULLO VIANNA,444971.36,7,Consórcio não contemplado
40002531443,DEPUTADO FEDERAL,MDB,MASCULINO,ENSINO MÉDIO COMPLETO,NATHAN MACENA,300000.0,1,Casa
40002541586,DEPUTADO FEDERAL,PODE,MASCULINO,SUPERIOR COMPLETO,SARGENTO AUGUSTO,350000.0,1,Casa
40002532774,DEPUTADO ESTADUAL,PSD,MASCULINO,SUPERIOR COMPLETO,ALMIR INACIO,0.0,0,Nenhum bem declarado
40002532773,DEPUTADO ESTADUAL,PSD,MASCULINO,ENSINO MÉDIO COMPLETO,RENATO MURA,0.0,0,Nenhum bem declarado
40002532788,DEPUTADO ESTADUAL,PSD,FEMININO,SUPERIOR COMPLETO,CLÉIA BRANCHES,0.0,0,Nenhum bem declarado
40002536494,DEPUTADO ESTADUAL,AGIR,FEMININO,SUPERIOR COMPLETO,ESTER DO PIORINI,0.0,0,Nenhum bem declarado
40002536487,DEPUTADO ESTADUAL,AGIR,FEMININO,ENSINO MÉDIO COMPLETO,GIDEANE BRASIL,113201.0,1,"Veículo automotor terrestre: caminhão, automóvel, moto, etc."
40002536490,DEPUTADO ESTADUAL,AGIR,FEMININO,ENSINO MÉDIO COMPLETO,JOANA DANTAS,600000.0,2,Casa
40002536486,DEPUTADO ESTADUAL,AGIR,MASCULINO,SUPERIOR COMPLETO,JENDER LOBATO,1346735.29,6,Depósito bancário em conta corrente no País
40002536895,DEPUTADO ESTADUAL,NOVO,MASCULINO,ENSINO FUNDAMENTAL COMPLETO,NEDY VALE,220000.0,2,Casa
40002536904,DEPUTADO ESTADUAL,NOVO,MASCULINO,SUPERIOR INCOMPLETO,WENDEL LARGATIXA,0.0,0,Nenhum bem declarado
40002536903,DEPUTADO ESTADUAL,NOVO,FEMININO,SUPERIOR INCOMPLETO,ASTRID AMAZONAS,0.0,0,Nenhum bem declarado
40002536913,DEPUTADO ESTADUAL,NOVO,MASCULINO,SUPERIOR COMPLETO,JONH SILVA,30000.0,2,"Veículo automotor terrestre: caminhão, automóvel, moto, etc."
40002542684,DEPUTADO ESTADUAL,PSB,FEMININO,SUPERIOR COMPLETO,KATRYNA BERNARDO,28000.0,1,"Veículo automotor terrestre: caminhão, automóvel, moto, etc."
40002542681,DEPUTADO ESTADUAL,PSB,FEMININO,SUPERIOR COMPLETO,PROFESSORA TATIANA,124982.47,6,"Veículo automotor terrestre: caminhão, automóvel, moto, etc."
40002546992,DEPUTADO ESTADUAL,PDT,MASCULINO,SUPERIOR COMPLETO,DR. ERON DE SÁ,280000.0,2,Outros bens imóveis
40002546998,DEPUTADO ESTADUAL,PDT,FEMININO,ENSINO FUNDAMENTAL INCOMPLETO,TUXÁUA NAZA MURA,0.0,0,Nenhum bem declarado
40002546984,DEPUTADO ESTADUAL,PDT,MASCULINO,SUPERIOR COMPLETO,HUDSON JORGE,2883000.0,11,Outros bens imóveis
40002546988,DEPUTADO ESTADUAL,PDT,FEMININO,ENSINO MÉDIO COMPLETO,VALESKA FREITAS,0.0,0,Nenhum bem declarado
40002534390,DEPUTADO ESTADUAL,REPUBLICANOS,FEMININO,SUPERIOR COMPLETO,CATIANNE ALVES,235000.0,2,Dinheiro em espécie - moeda nacional
40002534376,DEPUTADO ESTADUAL,REPUBLICANOS,MASCULINO,ENSINO MÉDIO COMPLETO,LUCAS ABREU,3000.0,1,Dinheiro em espécie - moeda nacional
40002534373,DEPUTADO ESTADUAL,REPUBLICANOS,MASCULINO,SUPERIOR COMPLETO,DR. RAFAEL BENOLIEL,0.0,0,Nenhum bem declarado
40002534392,DEPUTADO ESTADUAL,REPUBLICANOS,FEMININO,ENSINO MÉDIO COMPLETO,ANNE MOTA,5000.0,1,Dinheiro em espécie - moeda nacional
40002534385,DEPUTADO ESTADUAL,REPUBLICANOS,MASCULINO,ENSINO MÉDIO COMPLETO,JAZIEL RIBEIRO - O RESOLVE!,0.0,0,Nenhum bem declarado
40002550776,GOVERNADOR,REDE,MASCULINO,SUPERIOR COMPLETO,ISAEL MUNDURUKU,1657000.0,3,"Veículo automotor terrestre: caminhão, automóvel, moto, etc."
40002550805,1º SUPLENTE,MOBILIZA,FEMININO,SUPERIOR COMPLETO,NEIDA FARIAS,2294.7,6,"Aplicação de renda fixa (CDB, RDB e outros)"
40002531446,2º SUPLENTE,MDB,MASCULINO,SUPERIOR COMPLETO,MIGUEL BIANGO,2638383.0,27,Ações (inclusive as provenientes de linha telefônica)
40002550806,SENADOR,MOBILIZA,MASCULINO,ENSINO MÉDIO COMPLETO,XUXA DO AMAZONAS,0.0,0,Nenhum bem declarado
40002551317,DEPUTADO ESTADUAL,PSOL,MASCULINO,ENSINO MÉDIO COMPLETO,JEAN PAZ,0.0,0,Nenhum bem declarado
40002551312,DEPUTADO ESTADUAL,REDE,FEMININO,LÊ E ESCREVE,RAIMUNDA KAMBEBA,0.0,0,Nenhum bem declarado
40002542970,DEPUTADO ESTADUAL,PL,MASCULINO,ENSINO MÉDIO COMPLETO,PAULO BARDALES,0.0,0,Nenhum bem declarado
40002541617,DEPUTADO FEDERAL,PSB,FEMININO,ENSINO MÉDIO COMPLETO,LOIRA DO SALGADO,782317.0,8,"Veículo automotor terrestre: caminhão, automóvel, moto, etc."
40002541625,DEPUTADO FEDERAL,PSB,MASCULINO,SUPERIOR COMPLETO,JOAQUIM FELIPE,81757.67,2,"Aplicação de renda fixa (CDB, RDB e outros)"
40002542956,DEPUTADO ESTADUAL,PL,FEMININO,SUPERIOR COMPLETO,LÉIA FERNANDES,0.0,0,Nenhum bem declarado
40002541596,DEPUTADO ESTADUAL,PODE,MASCULINO,SUPERIOR COMPLETO,CARLOS DE JESUS,30000.0,1,"Veículo automotor terrestre: caminhão, automóvel, moto, etc."
40002541598,DEPUTADO ESTADUAL,PODE,MASCULINO,SUPERIOR COMPLETO,DR. MARCELO KLINGER,0.0,0,Nenhum bem declarado
40002541600,DEPUTADO ESTADUAL,PODE,FEMININO,SUPERIOR COMPLETO,DRA. ENF. KATIA VENTURA,0.0,0,Nenhum bem declarado
40002549856,DEPUTADO FEDERAL,PDT,MASCULINO,SUPERIOR COMPLETO,DANIEL SOUZA,111000.0,4,"Veículo automotor terrestre: caminhão, automóvel, moto, etc."
40002536085,DEPUTADO FEDERAL,DC,MASCULINO,ENSINO MÉDIO COMPLETO,ELPÍDIO DOS POVOS MURA,0.0,0,Nenhum bem declarado
40002542670,DEPUTADO FEDERAL,UNIÃO,MASCULINO,SUPERIOR COMPLETO,FAUSTO JR,3400000.0,4,Quotas ou quinhões de capital
40002541616,DEPUTADO ESTADUAL,PODE,FEMININO,SUPERIOR COMPLETO,YOMARA LINS,3012978.0,3,"Veículo automotor terrestre: caminhão, automóvel, moto, etc."
40002532735,DEPUTADO ESTADUAL,MDB,MASCULINO,SUPERIOR COMPLETO,CORONEL WILSON MARQUES,3287000.0,3,Casa
40002532751,DEPUTADO ESTADUAL,MDB,MASCULINO,ENSINO MÉDIO COMPLETO,DAVID BEMERGUY,1376625.56,4,"Veículo automotor terrestre: caminhão, automóvel, moto, etc."
40002542658,DEPUTADO ESTADUAL,UNIÃO,FEMININO,SUPERIOR COMPLETO,SILVYANE CASTRO,1363732.3,3,Apartamento
40002536439,DEPUTADO FEDERAL,AVANTE,FEMININO,SUPERIOR INCOMPLETO,CRIS PAIVA,165000.0,2,Dinheiro em espécie - moeda nacional
40002542669,DEPUTADO ESTADUAL,UNIÃO,MASCULINO,SUPERIOR COMPLETO,MARCEL ALEXANDRE,527224.74,6,Caderneta de poupança
40002541746,DEPUTADO ESTADUAL,UNIÃO,MASCULINO,SUPERIOR COMPLETO,ALDENOR LIMA,1479773.14,13,Depósito bancário em conta corrente no País
40002532739,DEPUTADO ESTADUAL,MDB,MASCULINO,SUPERIOR COMPLETO,CABO JONAS NATARIO,181437.47,5,"Veículo automotor terrestre: caminhão, automóvel, moto, etc."
40002532747,DEPUTADO ESTADUAL,MDB,FEMININO,SUPERIOR COMPLETO,ELIZABETH OLIVEIRA,885000.0,3,Caderneta de poupança
40002536452,DEPUTADO FEDERAL,NOVO,FEMININO,SUPERIOR INCOMPLETO,MARIA GATO,0.0,0,Nenhum bem declarado
40002532760,DEPUTADO FEDERAL,PSD,FEMININO,SUPERIOR INCOMPLETO,ANA PAULA MESQUITA,5478.94,1,OUTROS BENS E DIREITOS
40002532761,DEPUTADO FEDERAL,PSD,MASCULINO,SUPERIOR COMPLETO,SIDNEY LEITE,44462.54,3,Depósito bancário em conta corrente no País
40002542661,DEPUTADO ESTADUAL,UNIÃO,MASCULINO,SUPERIOR COMPLETO,CARLINHOS BESSA,1397132.48,8,Depósito bancário em conta corrente no País
40002551007,DEPUTADO FEDERAL,PSOL,FEMININO,SUPERIOR COMPLETO,VAL SANTOS,50000.0,1,Apartamento
40002551011,DEPUTADO FEDERAL,PSOL,MASCULINO,SUPERIOR COMPLETO,PROFESSOR WELTON ODA,145671.81,4,Caderneta de poupança
40002532737,DEPUTADO ESTADUAL,MDB,MASCULINO,SUPERIOR COMPLETO,KENNEDY MARQUES PROTETOR,1286000.0,7,Terreno
40002537624,DEPUTADO ESTADUAL,AVANTE,FEMININO,SUPERIOR COMPLETO,MEYB SEIXAS,0.0,0,Nenhum bem declarado
40002537353,DEPUTADO ESTADUAL,AVANTE,MASCULINO,SUPERIOR COMPLETO,DAVID REIS,100000.0,1,Casa
40002537627,DEPUTADO ESTADUAL,AVANTE,MASCULINO,SUPERIOR COMPLETO,ABDALA FRAXE,554165.18,2,Casa
40002545594,DEPUTADO FEDERAL,PT,FEMININO,SUPERIOR INCOMPLETO,ANNE MOURA,106572.11,3,"Aplicação de renda fixa (CDB, RDB e outros)"
40002537348,DEPUTADO ESTADUAL,AVANTE,FEMININO,SUPERIOR COMPLETO,ENFERMEIRA JUCINARA,260000.0,1,"Veículo automotor terrestre: caminhão, automóvel, moto, etc."
40002545610,DEPUTADO ESTADUAL,PT,FEMININO,SUPERIOR INCOMPLETO,BRENDA OLIVEIRA,13776.0,1,"Veículo automotor terrestre: caminhão, automóvel, moto, etc."
40002531438,DEPUTADO FEDERAL,MDB,FEMININO,SUPERIOR COMPLETO,VANDA WITOTO,310000.0,3,Casa
40002535269,DEPUTADO ESTADUAL,PSTU,MASCULINO,SUPERIOR COMPLETO,TARCÍSIO LEÃO,100000.0,2,"Veículo automotor terrestre: caminhão, automóvel, moto, etc."
40002532780,DEPUTADO ESTADUAL,PSD,MASCULINO,SUPERIOR COMPLETO,DR SANDOVAL CHEIRO DO POVO,23246824.33,17,"Veículo automotor terrestre: caminhão, automóvel, moto, etc."
40002536473,DEPUTADO ESTADUAL,AGIR,MASCULINO,ENSINO MÉDIO COMPLETO,RIZANNIO TOYA,0.0,0,Nenhum bem declarado
40002536489,DEPUTADO ESTADUAL,AGIR,FEMININO,LÊ E ESCREVE,MAGRINHA ELEN,100000.0,1,Quotas ou quinhões de capital
40002536492,DEPUTADO ESTADUAL,AGIR,FEMININO,ENSINO MÉDIO COMPLETO,MARY ALVES,250000.0,1,Casa
40002536476,DEPUTADO ESTADUAL,AGIR,MASCULINO,SUPERIOR COMPLETO,DANIEL LIMA,843806.4400000001,4,Caderneta de poupança
40002536477,DEPUTADO ESTADUAL,AGIR,MASCULINO,ENSINO MÉDIO COMPLETO,MOISÉS DAS AÇÕES,0.0,0,Nenhum bem declarado
40002536495,DEPUTADO ESTADUAL,AGIR,MASCULINO,ENSINO FUNDAMENTAL COMPLETO,FÁBIO DUARTE FILHO DO BAIRRO,0.0,0,Nenhum bem declarado
40002541628,DEPUTADO ESTADUAL,AGIR,MASCULINO,SUPERIOR COMPLETO,CAPITÃO DILSON CASTRO,401561.82,4,Apartamento
40002536914,DEPUTADO ESTADUAL,NOVO,MASCULINO,SUPERIOR COMPLETO,EDMILSON LOPES,0.0,0,Nenhum bem declarado
40002536907,DEPUTADO ESTADUAL,NOVO,MASCULINO,SUPERIOR COMPLETO,JUNIO LIMA,515000.0,4,Terreno
40002554164,DEPUTADO ESTADUAL,NOVO,MASCULINO,SUPERIOR COMPLETO,WANDO FONTELES,1200000.0,3,Apartamento
40002536891,DEPUTADO ESTADUAL,NOVO,MASCULINO,SUPERIOR COMPLETO,LUCAS SÁ,220000.0,3,Casa
40002536892,DEPUTADO ESTADUAL,NOVO,MASCULINO,ENSINO MÉDIO COMPLETO,CHICO ARAÚJO,200000.0,2,Casa
40002536898,DEPUTADO ESTADUAL,NOVO,MASCULINO,SUPERIOR COMPLETO,RONILSON SOUZA,118000.0,3,Ações (inclusive as provenientes de linha telefônica)
40002542680,DEPUTADO ESTADUAL,PSB,MASCULINO,ENSINO MÉDIO INCOMPLETO,LUCIANO VIEIRA,384000.0,9,"Veículo automotor terrestre: caminhão, automóvel, moto, etc."
40002546985,DEPUTADO ESTADUAL,PDT,MASCULINO,ENSINO MÉDIO COMPLETO,FERNANDÃO,30000.0,1,"Veículo automotor terrestre: caminhão, automóvel, moto, etc."
40002546986,DEPUTADO ESTADUAL,PDT,FEMININO,ENSINO MÉDIO COMPLETO,FABÍOLA MARQUES,0.0,0,Nenhum bem declarado
40002546990,DEPUTADO ESTADUAL,PDT,FEMININO,ENSINO MÉDIO COMPLETO,AMANDA MOTOTÁXI,635000.0,4,Outros bens imóveis
40002534381,DEPUTADO ESTADUAL,REPUBLICANOS,MASCULINO,ENSINO MÉDIO COMPLETO,DONIZETE DA VOZ,160000.0,2,Casa
40002534386,DEPUTADO ESTADUAL,REPUBLICANOS,MASCULINO,ENSINO MÉDIO COMPLETO,RAUL DA RECICLAGEM,5000.0,1,Dinheiro em espécie - moeda nacional
40002534378,DEPUTADO ESTADUAL,REPUBLICANOS,FEMININO,SUPERIOR INCOMPLETO,KARLA CAMPOS,3000.0,1,Dinheiro em espécie - moeda nacional
40002534383,DEPUTADO ESTADUAL,REPUBLICANOS,MASCULINO,SUPERIOR COMPLETO,ST MANOEL LOUREIRO,2000.0,1,Dinheiro em espécie - moeda nacional
40002532272,GOVERNADOR,PSD,MASCULINO,SUPERIOR COMPLETO,OMAR AZIZ,2070608.0,5,Outras aplicações e Investimentos
40002535272,2º SUPLENTE,PSTU,MASCULINO,SUPERIOR COMPLETO,JOÃO REBOUÇAS,114977.2,3,"Aplicação de renda fixa (CDB, RDB e outros)"
40002537345,2º SUPLENTE,PSDB,FEMININO,SUPERIOR COMPLETO,PROFESSORA JUDITE,635956.26,7,Outros fundos
40002542686,SENADOR,PL,MASCULINO,SUPERIOR COMPLETO,CAPITÃO ALBERTO NETO,655440.85,8,Outras aplicações e Investimentos
40002551281,SENADOR,PSOL,FEMININO,SUPERIOR COMPLETO,PROFESSORA EVANY,52448.3,2,"Aplicação de renda fixa (CDB, RDB e outros)"
40002551316,DEPUTADO ESTADUAL,PSOL,MASCULINO,ENSINO MÉDIO COMPLETO,MAURO COELHO,0.0,0,Nenhum bem declarado
40002542969,DEPUTADO ESTADUAL,PL,FEMININO,SUPERIOR COMPLETO,ADRIANE MAGALHÃES,1373000.0,6,Terreno
40002541619,DEPUTADO FEDERAL,PSB,MASCULINO,SUPERIOR COMPLETO,JÀRDEL INÁCIO,4484.85,6,Depósito bancário em conta corrente no País
40002533209,DEPUTADO FEDERAL,REPUBLICANOS,MASCULINO,ENSINO MÉDIO COMPLETO,JOSILDO OLIVEIRA,3000.0,1,Dinheiro em espécie - moeda nacional
40002542958,DEPUTADO ESTADUAL,PL,MASCULINO,ENSINO MÉDIO COMPLETO,FRANK PARENTE,342867.0,7,Casa
40002542949,DEPUTADO ESTADUAL,PL,MASCULINO,SUPERIOR COMPLETO,MICHEL FELIPE,198237.03,2,Casa
40002541597,DEPUTADO ESTADUAL,PODE,FEMININO,SUPERIOR INCOMPLETO,ROSA DAS COMUNIDADES,0.0,0,Nenhum bem declarado
40002539051,DEPUTADO FEDERAL,MISSÃO,MASCULINO,ENSINO FUNDAMENTAL COMPLETO,JOTA BRANDÃO,0.0,0,Nenhum bem declarado
40002539048,DEPUTADO FEDERAL,MISSÃO,FEMININO,ENSINO MÉDIO COMPLETO,IANA NADINA,98.16,2,Ações (inclusive as provenientes de linha telefônica)
40002539045,DEPUTADO FEDERAL,MISSÃO,MASCULINO,SUPERIOR INCOMPLETO,EDUARDO THEO,0.0,0,Nenhum bem declarado
40002549859,DEPUTADO FEDERAL,PDT,MASCULINO,SUPERIOR COMPLETO,ROBÉRIO KAMBEBA,0.0,0,Nenhum bem declarado
40002541612,DEPUTADO ESTADUAL,PODE,FEMININO,ENSINO MÉDIO COMPLETO,ROSI MATOS,0.0,0,Nenhum bem declarado
40002541606,DEPUTADO ESTADUAL,PODE,MASCULINO,SUPERIOR COMPLETO,CORONEL BONATES,975783.57,6,"Aplicação de renda fixa (CDB, RDB e outros)"
40002541601,DEPUTADO ESTADUAL,PODE,MASCULINO,SUPERIOR COMPLETO,SGT  LOIOLA,0.54,2,Caderneta de poupança
40002536077,DEPUTADO FEDERAL,DC,MASCULINO,SUPERIOR COMPLETO,DENISON VILAR DA SAÚDE,544831.51,3,Casa
40002536080,DEPUTADO FEDERAL,DC,FEMININO,SUPERIOR COMPLETO,DOUTORA AMANDA SOUZA,1000.0,1,Quotas ou quinhões de capital
40002541608,DEPUTADO ESTADUAL,PODE,FEMININO,SUPERIOR COMPLETO,PROFESSORA EDITH FALCÃO,0.0,0,Nenhum bem declarado
40002542667,DEPUTADO ESTADUAL,UNIÃO,MASCULINO,SUPERIOR COMPLETO,MÁRIO CÉSAR FILHO,891745.8200000001,4,"Veículo automotor terrestre: caminhão, automóvel, moto, etc."
40002542663,DEPUTADO ESTADUAL,UNIÃO,FEMININO,SUPERIOR COMPLETO,PROFESSORA JACQUELINE,3027257.71,13,Outras aplicações e Investimentos
40002542674,DEPUTADO FEDERAL,PP,MASCULINO,SUPERIOR COMPLETO,TADEU DE SOUZA,3099441.34,26,"Fundos: Ações, Mútuos de Privatização, Invest. Empresas Emergentes, Invest.Participação e Invest. Índice Mercado"
40002542677,DEPUTADO FEDERAL,UNIÃO,MASCULINO,ENSINO FUNDAMENTAL COMPLETO,WALZENIR FALCÃO,0.0,0,Nenhum bem declarado
40002536434,DEPUTADO FEDERAL,AVANTE,MASCULINO,SUPERIOR INCOMPLETO,RADYR JUNIOR,1718000.0,5,"Veículo automotor terrestre: caminhão, automóvel, moto, etc."
40002536433,DEPUTADO FEDERAL,AVANTE,MASCULINO,SUPERIOR COMPLETO,CORONEL MENEZES,5131698.2299999995,10,"Aplicação de renda fixa (CDB, RDB e outros)"
40002536448,DEPUTADO FEDERAL,NOVO,MASCULINO,ENSINO MÉDIO COMPLETO,LAYON NUNES,0.0,0,Nenhum bem declarado
40002541752,DEPUTADO ESTADUAL,UNIÃO,MASCULINO,SUPERIOR COMPLETO,NEIBE ARAUJO,265667.11,2,Terreno
40002535273,DEPUTADO FEDERAL,PSTU,MASCULINO,SUPERIOR COMPLETO,ALEXANDRE SOLORZANO,0.0,0,Nenhum bem declarado
40002532758,DEPUTADO FEDERAL,PSD,FEMININO,SUPERIOR COMPLETO,NATH NASCIMENTO,296856.15,8,OUTROS BENS E DIREITOS
40002532759,DEPUTADO FEDERAL,PSD,MASCULINO,SUPERIOR COMPLETO,JORGE OLIVEIRA,300000.0,2,Casa
40002532756,DEPUTADO ESTADUAL,MDB,FEMININO,ENSINO MÉDIO COMPLETO,NEURIANE MUNDURUKU,300000.0,2,Quotas ou quinhões de capital
40002542660,DEPUTADO ESTADUAL,UNIÃO,FEMININO,SUPERIOR COMPLETO,BRENA DIANNÁ,0.0,0,Nenhum bem declarado
40002541749,DEPUTADO ESTADUAL,UNIÃO,MASCULINO,SUPERIOR COMPLETO,DR. GEORGE LINS,1993656.8599999999,10,Depósito bancário em conta corrente no País
40002537617,DEPUTADO ESTADUAL,AVANTE,FEMININO,SUPERIOR INCOMPLETO,ISABELLY AURORA,100000.0,1,OUTROS BENS E DIREITOS
40002537347,DEPUTADO ESTADUAL,AVANTE,MASCULINO,SUPERIOR COMPLETO,DELEGADO PAULO MAVIGNIER,1850509.4700000002,7,Outros bens móveis
40002531442,DEPUTADO FEDERAL,MDB,MASCULINO,SUPERIOR COMPLETO,ARTHUR NETO,648676.96,3,Apartamento
40002541591,DEPUTADO FEDERAL,PODE,MASCULINO,SUPERIOR COMPLETO,PROFESSOR AMILTON GADELHA,0.0,0,Nenhum bem declarado
40002545601,DEPUTADO ESTADUAL,PT,FEMININO,SUPERIOR INCOMPLETO,MICHELLE ANDREWS,0.0,0,Nenhum bem declarado
40002541588,DEPUTADO FEDERAL,PODE,MASCULINO,ENSINO MÉDIO COMPLETO,HERMANO JUNIOR,0.0,0,Nenhum bem declarado
40002541584,DEPUTADO FEDERAL,PODE,MASCULINO,SUPERIOR COMPLETO,MAURO TEIXEIRA,240000.0,3,"Veículo automotor terrestre: caminhão, automóvel, moto, etc."
40002532767,DEPUTADO ESTADUAL,PSD,MASCULINO,SUPERIOR COMPLETO,WILKER BARRETO,2404011.5500000003,14,Depósito bancário em conta corrente no País
40002536479,DEPUTADO ESTADUAL,AGIR,MASCULINO,SUPERIOR COMPLETO,DR. JOÃO FERNANDES,1349124.7,8,Quotas ou quinhões de capital
40002536480,DEPUTADO ESTADUAL,AGIR,FEMININO,ENSINO MÉDIO COMPLETO,KENNY SOUZA,120000.0,1,Apartamento
40002536908,DEPUTADO ESTADUAL,NOVO,FEMININO,ENSINO MÉDIO COMPLETO,ANDRESSA BRASIL,0.0,0,Nenhum bem declarado
40002542682,DEPUTADO ESTADUAL,PSB,MASCULINO,ENSINO MÉDIO COMPLETO,ANISIO JUNIOR,0.0,0,Nenhum bem declarado
40002546993,DEPUTADO ESTADUAL,PDT,MASCULINO,ENSINO MÉDIO COMPLETO,REI NALDO,1500000.0,2,Outros bens imóveis
40002546999,DEPUTADO ESTADUAL,PDT,MASCULINO,ENSINO MÉDIO INCOMPLETO,MAZINHO DA ECOBARREIRA,0.0,0,Nenhum bem declarado
40002546996,DEPUTADO ESTADUAL,PDT,FEMININO,ENSINO MÉDIO COMPLETO,SORAIA SOARES,0.0,0,Nenhum bem declarado
40002534393,DEPUTADO ESTADUAL,REPUBLICANOS,MASCULINO,SUPERIOR COMPLETO,DR. BRITO,140000.0,4,Outras participações societárias
40002534382,DEPUTADO ESTADUAL,REPUBLICANOS,MASCULINO,SUPERIOR COMPLETO,COMANDANTE DAN,1810346.62,4,Apartamento
40002534391,DEPUTADO ESTADUAL,REPUBLICANOS,MASCULINO,SUPERIOR COMPLETO,CEL. AMADEU,358000.0,4,Terreno
40002551280,1º SUPLENTE,REDE,FEMININO,ENSINO MÉDIO COMPLETO,LAYNARA PRESTES,0.0,0,Nenhum bem declarado
40002535389,1º SUPLENTE,DC,MASCULINO,SUPERIOR COMPLETO,ISAÍAS AMAZONAS,1100000.0,2,Quotas ou quinhões de capital
40002535390,2º SUPLENTE,DC,MASCULINO,SUPERIOR COMPLETO,CAPELÃO ROBERTO DA SILVA,42024.0,3,"Veículo automotor terrestre: caminhão, automóvel, moto, etc."
40002541743,2º SUPLENTE,PP,MASCULINO,ENSINO FUNDAMENTAL COMPLETO,BABÁ TUPINAMBÁ,811631.13,6,Quotas ou quinhões de capital
40002541744,SENADOR,UNIÃO,MASCULINO,SUPERIOR COMPLETO,WILSON LIMA,597210.85,4,Apartamento
40002551311,DEPUTADO ESTADUAL,REDE,FEMININO,SUPERIOR COMPLETO,DANIELLE BARÉ,1657000.0,3,"Veículo automotor terrestre: caminhão, automóvel, moto, etc."
40002551310,DEPUTADO ESTADUAL,PSOL,FEMININO,ENSINO MÉDIO COMPLETO,JANAÍNA ANJOS,0.0,0,Nenhum bem declarado
40002551313,DEPUTADO ESTADUAL,PSOL,MASCULINO,ENSINO FUNDAMENTAL INCOMPLETO,JOSÉ DO NORTE,94000.0,3,"Veículo automotor terrestre: caminhão, automóvel, moto, etc."
40002542960,DEPUTADO ESTADUAL,PL,FEMININO,SUPERIOR COMPLETO,RAYANA PINHO DO BAZAR,0.0,0,Nenhum bem declarado
40002553901,DEPUTADO ESTADUAL,PL,FEMININO,SUPERIOR COMPLETO,NÍSSIA AGUIAR,750000.0,1,Casa
40002541621,DEPUTADO FEDERAL,PSB,FEMININO,ENSINO FUNDAMENTAL COMPLETO,MARCIA SILVA,0.0,0,Nenhum bem declarado
40002541623,DEPUTADO FEDERAL,PSB,MASCULINO,ENSINO MÉDIO COMPLETO,RONALDINHO SHOW,0.0,0,Nenhum bem declarado
40002542961,DEPUTADO ESTADUAL,PL,MASCULINO,SUPERIOR COMPLETO,MARCELLO DEMASI,237083.97,6,Caderneta de poupança
40002553973,DEPUTADO ESTADUAL,PL,FEMININO,SUPERIOR COMPLETO,MICHELLA SANTOS,0.0,0,Nenhum bem declarado
40002541607,DEPUTADO ESTADUAL,PODE,MASCULINO,SUPERIOR COMPLETO,MARCIO BRAGA MANINHO,719000.0,2,Apartamento
40002533206,DEPUTADO FEDERAL,REPUBLICANOS,MASCULINO,SUPERIOR COMPLETO,SILAS CÂMARA,21234.77,2,Depósito bancário em conta corrente no País
40002541592,DEPUTADO ESTADUAL,PODE,FEMININO,SUPERIOR COMPLETO,ENFERMEIRA LILI,0.0,0,Nenhum bem declarado
40002541613,DEPUTADO ESTADUAL,PODE,MASCULINO,ENSINO FUNDAMENTAL COMPLETO,PAULO PP,3546644.12,17,Quotas ou quinhões de capital
40002536083,DEPUTADO FEDERAL,DC,FEMININO,ENSINO MÉDIO COMPLETO,GLÁUCIA AMAZONAS,10000.0,1,Quotas ou quinhões de capital
40002542656,DEPUTADO ESTADUAL,UNIÃO,MASCULINO,ENSINO MÉDIO COMPLETO,RONILDO SOUZA,0.0,0,Nenhum bem declarado
40002536435,DEPUTADO FEDERAL,AVANTE,MASCULINO,SUPERIOR COMPLETO,JOELSON SILVA,602981.69,5,Casa
40002532752,DEPUTADO ESTADUAL,MDB,FEMININO,SUPERIOR COMPLETO,ENFERMEIRA SOCORRO DUTRA,5000.0,1,Caderneta de poupança
40002554220,DEPUTADO FEDERAL,NOVO,MASCULINO,SUPERIOR COMPLETO,JEAN CARLOS,500000.0,1,Prédio comercial
40002536449,DEPUTADO FEDERAL,NOVO,FEMININO,SUPERIOR COMPLETO,DIANA RODRIGUES,350000.0,3,"Veículo automotor terrestre: caminhão, automóvel, moto, etc."
40002536453,DEPUTADO FEDERAL,NOVO,MASCULINO,ENSINO MÉDIO COMPLETO,PAULO ARTHUR,50000.0,1,Casa
40002536451,DEPUTADO FEDERAL,NOVO,MASCULINO,SUPERIOR COMPLETO,RICHARD STONE,0.0,0,Nenhum bem declarado
40002532765,DEPUTADO FEDERAL,PSD,FEMININO,SUPERIOR COMPLETO,DELEGADA DÉBORA MAFRA,263050.24,4,Caderneta de poupança
40002541750,DEPUTADO ESTADUAL,UNIÃO,FEMININO,SUPERIOR COMPLETO,ELDA GARCIA,150000.0,1,Casa
40002549902,DEPUTADO FEDERAL,SOLIDARIEDADE,MASCULINO,SUPERIOR COMPLETO,GOIABEIRA,35300.0,2,"Veículo automotor terrestre: caminhão, automóvel, moto, etc."
40002537622,DEPUTADO ESTADUAL,AVANTE,MASCULINO,ENSINO MÉDIO COMPLETO,RADYR OLIVEIRA,300000.0,3,"Veículo automotor terrestre: caminhão, automóvel, moto, etc."
40002545598,DEPUTADO FEDERAL,PT,FEMININO,SUPERIOR COMPLETO,EDJANE DA FETAGRI,435100.0,4,"Veículo automotor terrestre: caminhão, automóvel, moto, etc."
40002545608,DEPUTADO ESTADUAL,PT,MASCULINO,ENSINO MÉDIO COMPLETO,ROMILDO PIMENTEL,1750000.0,2,Apartamento
40002554166,DEPUTADO ESTADUAL,PT,MASCULINO,SUPERIOR INCOMPLETO,RODRIGO FURTADO,0.0,0,Nenhum bem declarado
40002532768,DEPUTADO ESTADUAL,PSD,FEMININO,SUPERIOR COMPLETO,MÁRCIA REGINA,1499554.41,13,Dinheiro em espécie - moeda nacional
40002532775,DEPUTADO ESTADUAL,PSD,MASCULINO,SUPERIOR COMPLETO,BOSCO SARAIVA,599329.2999999999,7,OUTROS BENS E DIREITOS
40002532771,DEPUTADO ESTADUAL,PSD,MASCULINO,ENSINO MÉDIO COMPLETO,EURICO TAVARES,915862.24,6,Consórcio não contemplado
40002532786,DEPUTADO ESTADUAL,PSD,FEMININO,SUPERIOR COMPLETO,GRAZZY,4248.25,1,Outros fundos
40002532784,DEPUTADO ESTADUAL,PSD,FEMININO,SUPERIOR COMPLETO,DELEGADA JOYCE COELHO,0.0,0,Nenhum bem declarado
40002536484,DEPUTADO ESTADUAL,AGIR,MASCULINO,SUPERIOR COMPLETO,RODRIGO MELO,302874.0,3,"Veículo automotor terrestre: caminhão, automóvel, moto, etc."
40002536488,DEPUTADO ESTADUAL,AGIR,MASCULINO,SUPERIOR COMPLETO,TONY MEDEIROS,4045908.68,11,Terreno
40002552158,DEPUTADO ESTADUAL,NOVO,FEMININO,ENSINO MÉDIO COMPLETO,MÔNICA ALVES DE SOUZA MOTA,0.0,0,Nenhum bem declarado
40002536897,DEPUTADO ESTADUAL,NOVO,MASCULINO,SUPERIOR COMPLETO,RAFAEL BASTOS,88000.0,1,"Veículo automotor terrestre: caminhão, automóvel, moto, etc."
40002546995,DEPUTADO ESTADUAL,PDT,MASCULINO,SUPERIOR INCOMPLETO,CARLOS MORAES,7500.0,1,"Veículo automotor terrestre: caminhão, automóvel, moto, etc."
40002534380,DEPUTADO ESTADUAL,REPUBLICANOS,MASCULINO,SUPERIOR COMPLETO,MARCELO AMIL,0.0,0,Nenhum bem declarado
40002534371,DEPUTADO ESTADUAL,REPUBLICANOS,MASCULINO,SUPERIOR COMPLETO,DR HENRIQUE VASCONCELOS,0.0,0,Nenhum bem declarado
40002542688,1º SUPLENTE,PL,MASCULINO,SUPERIOR COMPLETO,ALESSANDRO TONIZA,23440559.98,44,Outras aplicações e Investimentos
40002535271,1º SUPLENTE,PSTU,MASCULINO,SUPERIOR COMPLETO,ANTONIO NETO,0.0,0,Nenhum bem declarado
40002532271,VICE-GOVERNADOR,PSD,FEMININO,SUPERIOR COMPLETO,ALESSANDRA CAMPELO,1443073.26,6,Casa
40002550775,VICE-GOVERNADOR,PSOL,MASCULINO,SUPERIOR COMPLETO,LEO BALBI,0.0,0,Nenhum bem declarado
40002535391,SENADOR,DC,MASCULINO,LÊ E ESCREVE,DAILSON CORRÊA,0.0,0,Nenhum bem declarado
40002551307,DEPUTADO ESTADUAL,REDE,MASCULINO,ENSINO MÉDIO COMPLETO,ROMANO,0.0,0,Nenhum bem declarado
40002542954,DEPUTADO ESTADUAL,PL,MASCULINO,ENSINO FUNDAMENTAL INCOMPLETO,MANOEL CUNHA,8268301.98,5,Prédio comercial
40002542963,DEPUTADO ESTADUAL,PL,FEMININO,SUPERIOR COMPLETO,VANGELA FREITAS,1480000.0,2,Casa
40002541622,DEPUTADO FEDERAL,PSB,FEMININO,SUPERIOR COMPLETO,MELYSSA GEBER,1670000.0,3,"Veículo automotor terrestre: caminhão, automóvel, moto, etc."
40002533203,DEPUTADO FEDERAL,REPUBLICANOS,FEMININO,SUPERIOR COMPLETO,ADRIANA BORGES,3000.0,1,Dinheiro em espécie - moeda nacional
40002542957,DEPUTADO ESTADUAL,PL,MASCULINO,SUPERIOR COMPLETO,CAPITÃO CARPÊ,451600.0,2,Apartamento
40002542965,DEPUTADO ESTADUAL,PL,MASCULINO,SUPERIOR COMPLETO,DELEGADO PÉRICLES,1843760.13,11,"Aplicação de renda fixa (CDB, RDB e outros)"
40002542950,DEPUTADO ESTADUAL,PL,FEMININO,SUPERIOR INCOMPLETO,ANDRÉA ABRANTES,0.0,0,Nenhum bem declarado
40002533208,DEPUTADO FEDERAL,REPUBLICANOS,MASCULINO,SUPERIOR COMPLETO,JOÃO CARLOS,77809.09,1,"Veículo automotor terrestre: caminhão, automóvel, moto, etc."
40002541594,DEPUTADO ESTADUAL,PODE,MASCULINO,ENSINO MÉDIO COMPLETO,ERALDO CB,0.0,0,Nenhum bem declarado
40002541611,DEPUTADO ESTADUAL,PODE,FEMININO,ENSINO MÉDIO COMPLETO,NAZARE PEREIRA,0.0,0,Nenhum bem declarado
40002541614,DEPUTADO ESTADUAL,PODE,MASCULINO,ENSINO MÉDIO COMPLETO,JAIRO DA VICAL,100.0,1,Depósito bancário em conta corrente no País
40002542678,DEPUTADO FEDERAL,UNIÃO,MASCULINO,SUPERIOR COMPLETO,DR. MIGUEL CARRATTE,340785.66,8,"Veículo automotor terrestre: caminhão, automóvel, moto, etc."
40002542676,DEPUTADO FEDERAL,UNIÃO,FEMININO,SUPERIOR COMPLETO,JOANA DARC,399428.82999999996,2,Apartamento
40002542671,DEPUTADO FEDERAL,UNIÃO,FEMININO,SUPERIOR COMPLETO,PROFESSORA THEREZINHA RUIZ,2469000.0,10,Apartamento
40002536440,DEPUTADO FEDERAL,AVANTE,MASCULINO,SUPERIOR COMPLETO,JUNIOR RESGATE,0.0,0,Nenhum bem declarado
40002532738,DEPUTADO ESTADUAL,MDB,MASCULINO,SUPERIOR COMPLETO,MICHAELL SANTOS,1073.8400000000001,3,Caderneta de poupança
40002532741,DEPUTADO ESTADUAL,MDB,FEMININO,SUPERIOR COMPLETO,LUANA FERRAZ,0.0,0,Nenhum bem declarado
40002532749,DEPUTADO ESTADUAL,MDB,MASCULINO,SUPERIOR INCOMPLETO,SIMÃO PEIXOTO,7205806.14,11,Casa
40002532744,DEPUTADO ESTADUAL,MDB,MASCULINO,SUPERIOR COMPLETO,SERGIO NUNES,8154000.0,2,Terreno
40002535274,DEPUTADO FEDERAL,PSTU,FEMININO,ENSINO MÉDIO COMPLETO,AUXILIADORA CASTRO,50000.0,1,Casa
40002532763,DEPUTADO FEDERAL,PSD,MASCULINO,SUPERIOR COMPLETO,ATILA LINS,3194270.92,8,Apartamento
40002554183,DEPUTADO ESTADUAL,UNIÃO,FEMININO,ENSINO MÉDIO COMPLETO,DEDEIA MEDEIROS,0.0,0,Nenhum bem declarado
40002542657,DEPUTADO ESTADUAL,UNIÃO,FEMININO,SUPERIOR COMPLETO,VIVIAN AMORIM,3442024.56,9,"Aplicação de renda fixa (CDB, RDB e outros)"
40002542668,DEPUTADO ESTADUAL,UNIÃO,MASCULINO,SUPERIOR COMPLETO,ANDERSON SANTOS,0.0,0,Nenhum bem declarado
40002549899,DEPUTADO FEDERAL,SOLIDARIEDADE,MASCULINO,SUPERIOR INCOMPLETO,DENIS REAL,0.0,0,Nenhum bem declarado
40002549901,DEPUTADO FEDERAL,SOLIDARIEDADE,MASCULINO,SUPERIOR COMPLETO,ALEXANDRE DA CARBRÁS,0.0,0,Nenhum bem declarado
40002551005,DEPUTADO FEDERAL,PSOL,MASCULINO,ENSINO MÉDIO COMPLETO,VALDECO TATTOO,8000.0,1,"Veículo automotor terrestre: caminhão, automóvel, moto, etc."
40002551004,DEPUTADO FEDERAL,PSOL,FEMININO,ENSINO MÉDIO COMPLETO,ÁLEX SOUSA,0.0,0,Nenhum bem declarado
40002541747,DEPUTADO ESTADUAL,UNIÃO,MASCULINO,SUPERIOR COMPLETO,WANDERLEY MONTEIRO,2926172.37,5,Casa
40002537625,DEPUTADO ESTADUAL,AVANTE,MASCULINO,SUPERIOR INCOMPLETO,RODINEI RAMOS,160000.0,1,"Veículo automotor terrestre: caminhão, automóvel, moto, etc."
40002551006,DEPUTADO FEDERAL,REDE,FEMININO,ENSINO FUNDAMENTAL INCOMPLETO,PATRÍCIA BARROSO,0.0,0,Nenhum bem declarado
40002537619,DEPUTADO ESTADUAL,AVANTE,FEMININO,SUPERIOR COMPLETO,FLÁVIA KETLEN,0.0,0,Nenhum bem declarado
40002554167,DEPUTADO ESTADUAL,PT,MASCULINO,ENSINO MÉDIO COMPLETO,PAULO MENDES,0.0,0,Nenhum bem declarado
40002545607,DEPUTADO ESTADUAL,PT,FEMININO,SUPERIOR COMPLETO,LOURDES QUILOMBOLA,50000.0,1,Casa
40002531439,DEPUTADO FEDERAL,MDB,FEMININO,SUPERIOR COMPLETO,DRA. AMANDA PINHEIRO,1873.49,3,Depósito bancário em conta corrente no País
40002545603,DEPUTADO ESTADUAL,PT,FEMININO,SUPERIOR COMPLETO,CRISTIANE SALES,0.0,0,Nenhum bem declarado
40002545602,DEPUTADO ESTADUAL,PT,MASCULINO,ENSINO MÉDIO COMPLETO,HERBERT AMAZONAS,549800.0,3,"Veículo automotor terrestre: caminhão, automóvel, moto, etc."
40002541583,DEPUTADO FEDERAL,PODE,FEMININO,SUPERIOR INCOMPLETO,VANETE CARVALHO,0.0,0,Nenhum bem declarado
40002532787,DEPUTADO ESTADUAL,PSD,MASCULINO,SUPERIOR COMPLETO,CB MAILSON JESUS,223.75,4,OUTROS BENS E DIREITOS
40002532790,DEPUTADO ESTADUAL,PSD,MASCULINO,ENSINO MÉDIO COMPLETO,LEANDRO ATIVISTA PCD,30000.0,1,"Veículo automotor terrestre: caminhão, automóvel, moto, etc."
40002536485,DEPUTADO ESTADUAL,AGIR,MASCULINO,SUPERIOR COMPLETO,ANTÔNIO SÁ,0.0,0,Nenhum bem declarado
40002536474,DEPUTADO ESTADUAL,AGIR,MASCULINO,ENSINO MÉDIO COMPLETO,MACKI SOARES,2000000.0,1,Quotas ou quinhões de capital
40002536911,DEPUTADO ESTADUAL,NOVO,MASCULINO,SUPERIOR COMPLETO,JEAN CARLOS,500000.0,1,Prédio comercial
40002536899,DEPUTADO ESTADUAL,NOVO,MASCULINO,SUPERIOR COMPLETO,MARCIO PATRIOTA,0.0,0,Nenhum bem declarado
40002546997,DEPUTADO ESTADUAL,PDT,FEMININO,SUPERIOR COMPLETO,TATI DA NUTRIÇÃO,0.0,0,Nenhum bem declarado
40002547002,DEPUTADO ESTADUAL,PDT,FEMININO,SUPERIOR COMPLETO,ANGELA SANTOS,0.0,0,Nenhum bem declarado
40002546982,DEPUTADO ESTADUAL,PDT,MASCULINO,SUPERIOR COMPLETO,MARCOS CAVALCANTE,712000.0,2,Casa
40002552705,DEPUTADO ESTADUAL,REPUBLICANOS,FEMININO,SUPERIOR INCOMPLETO,SGT. ANA CLAUDIA,3000.0,1,Dinheiro em espécie - moeda nacional
40002534375,DEPUTADO ESTADUAL,REPUBLICANOS,FEMININO,SUPERIOR COMPLETO,PRISSILA MELO,0.0,0,Nenhum bem declarado
40002536086,GOVERNADOR,AVANTE,MASCULINO,SUPERIOR COMPLETO,DAVID ALMEIDA,1432848.4,6,Apartamento
40002551740,GOVERNADOR,MOBILIZA,MASCULINO,SUPERIOR COMPLETO,CABO DACIOLO,190750.0,15,OUTROS BENS E DIREITOS
40002536087,VICE-GOVERNADOR,AVANTE,FEMININO,SUPERIOR COMPLETO,DRA. SHÁDIA,977563.8,5,Quotas ou quinhões de capital
40002551739,VICE-GOVERNADOR,MOBILIZA,MASCULINO,SUPERIOR COMPLETO,PROFESSOR IGOR OLIVEIRA,102541.23,2,Caderneta de poupança
40002541740,VICE-GOVERNADOR,PSB,MASCULINO,SUPERIOR COMPLETO,SERAFIM,193671.12,3,Depósito bancário em conta corrente no País
40002551314,DEPUTADO ESTADUAL,PSOL,MASCULINO,ENSINO FUNDAMENTAL INCOMPLETO,NELSON NOEL,28000.0,2,"Veículo automotor terrestre: caminhão, automóvel, moto, etc."
40002551319,DEPUTADO ESTADUAL,REDE,MASCULINO,ENSINO MÉDIO COMPLETO,NALDO MURA,0.0,0,Nenhum bem declarado
40002542971,DEPUTADO ESTADUAL,PL,FEMININO,SUPERIOR COMPLETO,DÉBORA MENEZES,171221.87,12,Quotas ou quinhões de capital
40002541620,DEPUTADO FEDERAL,PSB,MASCULINO,ENSINO MÉDIO COMPLETO,PAIXÃO,0.0,0,Nenhum bem declarado
40002542962,DEPUTADO ESTADUAL,PL,MASCULINO,SUPERIOR INCOMPLETO,KIDSON MAIA,25000.0,1,Quotas ou quinhões de capital
40002542964,DEPUTADO ESTADUAL,PL,MASCULINO,SUPERIOR COMPLETO,FRANK CABEÇA,337807.74,6,"Veículo automotor terrestre: caminhão, automóvel, moto, etc."
40002542968,DEPUTADO ESTADUAL,PL,MASCULINO,ENSINO MÉDIO COMPLETO,CABO MACIEL,1948505.65,8,"Veículo automotor terrestre: caminhão, automóvel, moto, etc."
40002539046,DEPUTADO FEDERAL,MISSÃO,FEMININO,SUPERIOR COMPLETO,LUCIANA VIGA,71580.0,2,"Fundos: Ações, Mútuos de Privatização, Invest. Empresas Emergentes, Invest.Participação e Invest. Índice Mercado"
40002549862,DEPUTADO FEDERAL,PDT,FEMININO,ENSINO MÉDIO COMPLETO,DARLENE NEVES,50000.0,1,"Veículo automotor terrestre: caminhão, automóvel, moto, etc."
40002549858,DEPUTADO FEDERAL,PDT,MASCULINO,SUPERIOR COMPLETO,DR. ISRAEL TUYUKA,0.0,0,Nenhum bem declarado
40002549857,DEPUTADO FEDERAL,PDT,FEMININO,LÊ E ESCREVE,RENATA KOKAMA,0.0,0,Nenhum bem declarado
40002541610,DEPUTADO ESTADUAL,PODE,MASCULINO,SUPERIOR INCOMPLETO,GLENIO SEIXAS,763084.0,4,"Veículo automotor terrestre: caminhão, automóvel, moto, etc."
40002541609,DEPUTADO ESTADUAL,PODE,MASCULINO,SUPERIOR COMPLETO,TIAGO FALCÃO,15998.08,7,"Fundos: Ações, Mútuos de Privatização, Invest. Empresas Emergentes, Invest.Participação e Invest. Índice Mercado"
40002549855,DEPUTADO FEDERAL,PDT,MASCULINO,ENSINO MÉDIO COMPLETO,EVALDO VASCONCELOS,0.0,0,Nenhum bem declarado
40002542672,DEPUTADO FEDERAL,UNIÃO,FEMININO,SUPERIOR COMPLETO,THAYSA LIPPY,262019.06,5,Depósito bancário em conta corrente no País
40002532754,DEPUTADO ESTADUAL,MDB,MASCULINO,SUPERIOR COMPLETO,DONMARQUES,0.0,0,Nenhum bem declarado
40002542666,DEPUTADO ESTADUAL,UNIÃO,MASCULINO,SUPERIOR COMPLETO,DR. GOMES,554943.25,4,Apartamento
40002542653,DEPUTADO ESTADUAL,PP,MASCULINO,SUPERIOR COMPLETO,RODRIGO SÁ,2436476.2,11,Depósito bancário em conta corrente no País
40002542673,DEPUTADO FEDERAL,PP,FEMININO,SUPERIOR COMPLETO,TENENTE CORONEL ADRIANA,9362.15,3,Depósito bancário em conta corrente no País
40002532746,DEPUTADO ESTADUAL,MDB,MASCULINO,SUPERIOR COMPLETO,ADENILSON FILHO DO RIO MADEIRA,171000.0,3,"Veículo automotor terrestre: caminhão, automóvel, moto, etc."
40002532740,DEPUTADO ESTADUAL,MDB,MASCULINO,SUPERIOR COMPLETO,MATHEUS GARCIA,103609.2,4,Quotas ou quinhões de capital
40002536447,DEPUTADO FEDERAL,NOVO,FEMININO,SUPERIOR COMPLETO,SORAYA COHEN,800000.0,1,Casa
40002532750,DEPUTADO ESTADUAL,MDB,MASCULINO,ENSINO MÉDIO COMPLETO,JAIR SOUTO,1614067.1300000001,12,Terreno
40002532755,DEPUTADO ESTADUAL,MDB,FEMININO,ENSINO MÉDIO COMPLETO,SOCORRO DO CAFÉ,300000.0,1,Casa
40002537346,DEPUTADO ESTADUAL,AVANTE,MASCULINO,SUPERIOR COMPLETO,JOÃO ROBERTO,3828095.0,6,"Veículo automotor terrestre: caminhão, automóvel, moto, etc."
40002537620,DEPUTADO ESTADUAL,AVANTE,FEMININO,SUPERIOR COMPLETO,KATY FEITOZA,1500709.0,3,Outras aplicações e Investimentos
40002554165,DEPUTADO FEDERAL,PT,FEMININO,SUPERIOR INCOMPLETO,ADRIANA XAVIER,0.0,0,Nenhum bem declarado
40002537350,DEPUTADO ESTADUAL,AVANTE,MASCULINO,ENSINO MÉDIO COMPLETO,PAI AMADO,380000.0,3,Terreno
40002537616,DEPUTADO ESTADUAL,AVANTE,MASCULINO,SUPERIOR COMPLETO,DR EDUARDO ASSIS,230000.0,2,Casa
40002545600,DEPUTADO FEDERAL,PT,MASCULINO,SUPERIOR COMPLETO,LUIS CARLOS VELHO,425000.0,3,Casa
40002545606,DEPUTADO ESTADUAL,PT,MASCULINO,ENSINO FUNDAMENTAL INCOMPLETO,CLÓVIS CURUBÃO,300000.0,1,Casa
40002545613,DEPUTADO ESTADUAL,PT,MASCULINO,SUPERIOR COMPLETO,ZÉ RICARDO,1543595.0,13,Apartamento
40002545609,DEPUTADO ESTADUAL,PCDOB,MASCULINO,SUPERIOR COMPLETO,ERON BEZERRA,309873.35,9,Caderneta de poupança
40002545605,DEPUTADO ESTADUAL,PCDOB,FEMININO,SUPERIOR COMPLETO,PROF. GREICE ANNE,0.0,0,Nenhum bem declarado
40002535268,DEPUTADO ESTADUAL,PSTU,FEMININO,SUPERIOR COMPLETO,ENEIDA VASCONCELOS,25000.0,1,"Veículo automotor terrestre: caminhão, automóvel, moto, etc."
40002541589,DEPUTADO FEDERAL,PODE,MASCULINO,SUPERIOR COMPLETO,ANDRE PASSOS,0.0,0,Nenhum bem declarado
40002532781,DEPUTADO ESTADUAL,PSD,MASCULINO,SUPERIOR COMPLETO,LIONS BRUCE,0.0,0,Nenhum bem declarado
40002532778,DEPUTADO ESTADUAL,PSD,MASCULINO,ENSINO MÉDIO COMPLETO,EMANOEL PINHEIRO,373000.74,6,Outras aplicações e Investimentos
40002532783,DEPUTADO ESTADUAL,PSD,MASCULINO,ENSINO MÉDIO COMPLETO,SIDNEY SOUZA,0.0,0,Nenhum bem declarado
40002532782,DEPUTADO ESTADUAL,PSD,FEMININO,SUPERIOR COMPLETO,MAYRA DIAS,336160.29,5,Apartamento
40002532789,DEPUTADO ESTADUAL,PSD,MASCULINO,SUPERIOR COMPLETO,DELEGADO  AYSLAN MARQUES,2871742.85,21,Casa
40002532770,DEPUTADO ESTADUAL,PSD,FEMININO,SUPERIOR COMPLETO,LOREN,0.0,0,Nenhum bem declarado
40002536475,DEPUTADO ESTADUAL,AGIR,FEMININO,SUPERIOR COMPLETO,INGRID MENDONÇA,6926.53,1,Caderneta de poupança
40002536909,DEPUTADO ESTADUAL,NOVO,FEMININO,SUPERIOR INCOMPLETO,LÚCIA TAVARES,0.0,0,Nenhum bem declarado
40002536910,DEPUTADO ESTADUAL,NOVO,MASCULINO,ENSINO MÉDIO COMPLETO,LENO MENEZES,250000.0,2,Casa
40002536902,DEPUTADO ESTADUAL,NOVO,FEMININO,ENSINO MÉDIO COMPLETO,NETE MOTA,0.0,0,Nenhum bem declarado
40002536901,DEPUTADO ESTADUAL,NOVO,MASCULINO,ENSINO MÉDIO COMPLETO,ORCHARLINGHTON JATI,0.0,0,Nenhum bem declarado
40002542685,DEPUTADO ESTADUAL,PSB,MASCULINO,SUPERIOR COMPLETO,LEIVSON LUIZ,0.0,0,Nenhum bem declarado
40002546979,DEPUTADO ESTADUAL,PDT,MASCULINO,SUPERIOR INCOMPLETO,MANUEL SILVA,0.0,0,Nenhum bem declarado
40002547001,DEPUTADO ESTADUAL,PDT,MASCULINO,SUPERIOR COMPLETO,LUIZ CASTRO,983111.6,12,Outros bens imóveis
40002546980,DEPUTADO ESTADUAL,PDT,MASCULINO,SUPERIOR COMPLETO,OTACÍLIO NEGREIROS,1926491.27,13,Outros bens imóveis
40002534379,DEPUTADO ESTADUAL,REPUBLICANOS,FEMININO,SUPERIOR COMPLETO,NAGLIA AMORIM,2000.0,1,Dinheiro em espécie - moeda nacional
40002534388,DEPUTADO ESTADUAL,REPUBLICANOS,MASCULINO,ENSINO MÉDIO INCOMPLETO,CLAUDIO SANTOS,5000.0,1,Dinheiro em espécie - moeda nacional
40002534384,DEPUTADO ESTADUAL,REPUBLICANOS,FEMININO,ENSINO MÉDIO COMPLETO,LUCIANA MELO,0.0,0,Nenhum bem declarado
40002534377,DEPUTADO ESTADUAL,REPUBLICANOS,MASCULINO,SUPERIOR COMPLETO,RODRIGO GUEDES,3091617.64,17,Outras aplicações e Investimentos
40002551278,1º SUPLENTE,PSOL,MASCULINO,SUPERIOR COMPLETO,RENAN ROTONDANO,0.0,0,Nenhum bem declarado
40002542687,2º SUPLENTE,PL,MASCULINO,SUPERIOR COMPLETO,MÁRIO BASTOS,85577.57,5,Caderneta de poupança
40002541627,VICE-GOVERNADOR,PL,MASCULINO,SUPERIOR COMPLETO,CORONEL ANIBAL,436929.13,6,Outras aplicações e Investimentos
40002531447,SENADOR,MDB,MASCULINO,SUPERIOR COMPLETO,EDUARDO BRAGA,60278559.1,81,"Aplicação de renda fixa (CDB, RDB e outros)"
40002537344,SENADOR,PSDB,MASCULINO,SUPERIOR COMPLETO,PLINIO VALÉRIO,3527132.51,23,Terreno
40002551308,DEPUTADO ESTADUAL,PSOL,MASCULINO,SUPERIOR COMPLETO,WLADIMIR MEDEIROS,0.0,0,Nenhum bem declarado
40002551305,DEPUTADO ESTADUAL,PSOL,MASCULINO,SUPERIOR COMPLETO,AILTON FERNANDES,80000.0,1,Casa
40002551309,DEPUTADO ESTADUAL,REDE,MASCULINO,SUPERIOR COMPLETO,HUMBERTO KORIPACO,33800.4,1,"Veículo automotor terrestre: caminhão, automóvel, moto, etc."
40002551306,DEPUTADO ESTADUAL,PSOL,FEMININO,ENSINO MÉDIO COMPLETO,GILMARA GUIMARÃES,0.0,0,Nenhum bem declarado
40002541624,DEPUTADO FEDERAL,PSB,FEMININO,SUPERIOR COMPLETO,CHRISTIANE MELCHIOR,0.0,0,Nenhum bem declarado
40002533205,DEPUTADO FEDERAL,REPUBLICANOS,FEMININO,ENSINO MÉDIO COMPLETO,VIVIANE LIMA,25000.0,1,Dinheiro em espécie - moeda nacional
40002542955,DEPUTADO ESTADUAL,PL,MASCULINO,ENSINO MÉDIO COMPLETO,WILLACE SOUZA,380810.02,8,Outros créditos e poupança vinculados
40002539050,DEPUTADO FEDERAL,MISSÃO,MASCULINO,ENSINO MÉDIO COMPLETO,WICK RYAN,0.0,0,Nenhum bem declarado
40002541595,DEPUTADO ESTADUAL,PODE,FEMININO,SUPERIOR COMPLETO,PROF. ANTONIA MCGREGOR,0.0,0,Nenhum bem declarado
40002541593,DEPUTADO ESTADUAL,PODE,MASCULINO,SUPERIOR COMPLETO,FELIPE SOUZA,3393364.95,16,"Aplicação de renda fixa (CDB, RDB e outros)"
40002541615,DEPUTADO ESTADUAL,PODE,MASCULINO,SUPERIOR COMPLETO,JOÃOZINHO  MIRANDA,514300.0,5,OUTROS BENS E DIREITOS
40002549860,DEPUTADO FEDERAL,PDT,FEMININO,ENSINO MÉDIO COMPLETO,MADALENA SILVA,0.0,0,Nenhum bem declarado
40002542675,DEPUTADO FEDERAL,UNIÃO,MASCULINO,SUPERIOR COMPLETO,SAIMON BESSA,378419.99,5,Depósito bancário em conta corrente no País
40002536436,DEPUTADO FEDERAL,AVANTE,MASCULINO,SUPERIOR COMPLETO,PROFESSOR DALMIR SALAZAR,550000.0,2,Casa
40002536437,DEPUTADO FEDERAL,AVANTE,MASCULINO,SUPERIOR COMPLETO,DR RAIONE CABRAL,200000.0,1,Dinheiro em espécie - moeda nacional
40002532757,DEPUTADO ESTADUAL,MDB,FEMININO,SUPERIOR COMPLETO,MÁRCIA SANTTOS,5000.0,1,Caderneta de poupança
40002542654,DEPUTADO ESTADUAL,UNIÃO,FEMININO,SUPERIOR COMPLETO,SARGENTO BRUNA,30000.0,1,"Veículo automotor terrestre: caminhão, automóvel, moto, etc."
40002542665,DEPUTADO ESTADUAL,PP,FEMININO,ENSINO MÉDIO COMPLETO,DALVA MORAIS,0.0,0,Nenhum bem declarado
40002549904,DEPUTADO FEDERAL,SOLIDARIEDADE,FEMININO,ENSINO MÉDIO COMPLETO,KEYLLA MARINHO,0.0,0,Nenhum bem declarado
40002549900,DEPUTADO FEDERAL,SOLIDARIEDADE,MASCULINO,ENSINO MÉDIO COMPLETO,MARQUINHOS MAIA,230100.0,2,Apartamento
40002551003,DEPUTADO FEDERAL,PSOL,FEMININO,SUPERIOR COMPLETO,NATALIA,0.0,0,Nenhum bem declarado
40002537626,DEPUTADO ESTADUAL,AVANTE,FEMININO,SUPERIOR COMPLETO,DRA ALCINETE,1064756.54,8,Casa
40002537621,DEPUTADO ESTADUAL,AVANTE,MASCULINO,SUPERIOR INCOMPLETO,JUNIOR VELOSO,788937.25,4,Terreno
40002537618,DEPUTADO ESTADUAL,AVANTE,MASCULINO,SUPERIOR COMPLETO,JUNIOR MAR,1707000.0,4,Casa
40002537615,DEPUTADO ESTADUAL,AVANTE,MASCULINO,SUPERIOR COMPLETO,EDUARDO ALFAIA,1375295.43,4,Casa
40002537628,DEPUTADO ESTADUAL,AVANTE,MASCULINO,ENSINO FUNDAMENTAL COMPLETO,GIVANCIR OLIVEIRA,1610000.0,2,Casa
40002540483,DEPUTADO FEDERAL,PL,MASCULINO,SUPERIOR COMPLETO,DELEGADO PABLO,1515524.03,37,Outras aplicações e Investimentos
40002540482,DEPUTADO FEDERAL,PL,FEMININO,SUPERIOR COMPLETO,MICKA SEVALHO,9804.1,3,Depósito bancário em conta corrente no País
40002540480,DEPUTADO FEDERAL,PL,MASCULINO,SUPERIOR COMPLETO,SARGENTO SALAZAR,2206000.0,6,"Veículo automotor terrestre: caminhão, automóvel, moto, etc."
40002540479,DEPUTADO FEDERAL,PL,FEMININO,SUPERIOR COMPLETO,PAULA PORTELA,139000.0,2,Quotas ou quinhões de capital
40002546978,DEPUTADO FEDERAL,UP,FEMININO,SUPERIOR COMPLETO,ANA ROQUE,825.09,1,"Aplicação de renda fixa (CDB, RDB e outros)"
40002545597,DEPUTADO FEDERAL,PCDOB,MASCULINO,SUPERIOR COMPLETO,PROFESSOR ARQLEYDSSON,388.7,1,Caderneta de poupança
40002537349,DEPUTADO ESTADUAL,AVANTE,MASCULINO,ENSINO MÉDIO COMPLETO,DANIEL ALMEIDA,300000.0,1,Casa
40002537623,DEPUTADO ESTADUAL,AVANTE,MASCULINO,ENSINO MÉDIO COMPLETO,ELAN ALENCAR,620000.0,2,Casa
40002537352,DEPUTADO ESTADUAL,AVANTE,FEMININO,SUPERIOR COMPLETO,VIVI LIRA,0.0,0,Nenhum bem declarado
40002545612,DEPUTADO ESTADUAL,PT,MASCULINO,SUPERIOR COMPLETO,PROFESSOR SINÉSIO,1854564.6099999999,8,Terreno
40002545595,DEPUTADO FEDERAL,PT,MASCULINO,SUPERIOR COMPLETO,DELEGADO TAYAH,2269704.33,8,Apartamento
40002531445,DEPUTADO FEDERAL,MDB,MASCULINO,SUPERIOR COMPLETO,ADAIL FILHO,2037584.07,5,"Aplicação de renda fixa (CDB, RDB e outros)"
40002541585,DEPUTADO FEDERAL,PODE,MASCULINO,ENSINO FUNDAMENTAL INCOMPLETO,PR. EDIVAN CASTILHO,0.0,0,Nenhum bem declarado
40002545604,DEPUTADO ESTADUAL,PT,FEMININO,SUPERIOR INCOMPLETO,JÉSSICA VALOIS,0.0,0,Nenhum bem declarado
40002532785,DEPUTADO ESTADUAL,PSD,FEMININO,SUPERIOR COMPLETO,DELEGADA ANA OLIVEIRA,490000.0,2,Apartamento
40002532777,DEPUTADO ESTADUAL,PSD,MASCULINO,ENSINO MÉDIO COMPLETO,JORGE SANTIAGO,0.0,0,Nenhum bem declarado
40002532769,DEPUTADO ESTADUAL,PSD,MASCULINO,SUPERIOR COMPLETO,CAPITÃO ISAÍAS,600000.0,1,Casa
40002532791,DEPUTADO ESTADUAL,PSD,MASCULINO,ENSINO MÉDIO COMPLETO,ROZENHA,4865378.82,15,OUTROS BENS E DIREITOS
40002536482,DEPUTADO ESTADUAL,AGIR,MASCULINO,SUPERIOR COMPLETO,PHELIPPE SIDI,1514424.72,7,Quotas ou quinhões de capital
40002536496,DEPUTADO ESTADUAL,AGIR,MASCULINO,SUPERIOR COMPLETO,MARCELO PALHANO,2203258.11,9,Aeronave
40002536478,DEPUTADO ESTADUAL,AGIR,FEMININO,SUPERIOR COMPLETO,MARA NÚBIA,0.0,0,Nenhum bem declarado
40002536912,DEPUTADO ESTADUAL,NOVO,MASCULINO,SUPERIOR INCOMPLETO,ZÉ REAL,700000.0,2,Casa
40002536893,DEPUTADO ESTADUAL,NOVO,MASCULINO,SUPERIOR COMPLETO,NETO ASSAYAG,0.0,0,Nenhum bem declarado
40002542683,DEPUTADO ESTADUAL,PSB,MASCULINO,ENSINO MÉDIO COMPLETO,EDSON KAMBEBA,0.0,0,Nenhum bem declarado
40002542679,DEPUTADO ESTADUAL,PSB,MASCULINO,SUPERIOR COMPLETO,MESTRE CLODOALDO,12000.0,1,"Veículo automotor terrestre: caminhão, automóvel, moto, etc."
40002543333,DEPUTADO ESTADUAL,PSB,FEMININO,ENSINO MÉDIO COMPLETO,VAL LIMA,0.0,0,Nenhum bem declarado
40002547000,DEPUTADO ESTADUAL,PDT,MASCULINO,SUPERIOR COMPLETO,JÚNIOR RIBEIRO,1.0,1,Depósito bancário em conta corrente no País
40002546994,DEPUTADO ESTADUAL,PDT,MASCULINO,SUPERIOR INCOMPLETO,PROFESSOR ADEMIR,139000.0,4,"Veículo automotor terrestre: caminhão, automóvel, moto, etc."
40002546981,DEPUTADO ESTADUAL,PDT,MASCULINO,ENSINO MÉDIO COMPLETO,NEY DA PANAIR,20000.0,1,"Veículo automotor terrestre: caminhão, automóvel, moto, etc."
40002534372,DEPUTADO ESTADUAL,REPUBLICANOS,MASCULINO,ENSINO MÉDIO COMPLETO,GUSTAVO  MORAIS,200000.0,1,Outras participações societárias
40002534374,DEPUTADO ESTADUAL,REPUBLICANOS,MASCULINO,ENSINO MÉDIO COMPLETO,EDVAN PURUS,3000.0,1,Dinheiro em espécie - moeda nacional
40002541741,GOVERNADOR,UNIÃO,MASCULINO,SUPERIOR COMPLETO,ROBERTO CIDADE,4285400.8,12,Terreno
40002541626,GOVERNADOR,PL,FEMININO,SUPERIOR COMPLETO,PROFESSORA MARIA DO CARMO,118473769.48,27,Outras participações societárias
40002541742,1º SUPLENTE,UNIÃO,MASCULINO,SUPERIOR COMPLETO,LUÍS MÁRIO BONATES,1516270.63,9,Depósito bancário em conta corrente no País
40002551279,2º SUPLENTE,PSOL,MASCULINO,ENSINO MÉDIO COMPLETO,JANDER MUNIZ,0.0,0,Nenhum bem declarado
40002535266,VICE-GOVERNADOR,PSTU,FEMININO,SUPERIOR COMPLETO,JULIANA FROTA,854138.24,6,Apartamento
